Name,Source,Source Detail,Collection Date,Continent,Country,Short Read Accession,BioProject,BioSample
2009_46,Human,Hospital collection;MSU,2009,Oceania,Australia,SRR14654493,PRJNA248737,SAMN02801935
2011_83,Human,Hospital collection;Urine,2011,Oceania,Australia,SRR14654492,PRJNA248737,SAMN02801948
2011_89,Human,Hospital collection;Vaginal,2011,Oceania,Australia,SRR14654491,PRJNA248737,SAMN02801951
2011_92,Human,Hospital collection;Urine,2011,Oceania,Australia,SRR14654490,PRJNA248737,SAMN02801954
2011_97,Human,Hospital collection;MSU,2011,Oceania,Australia,SRR14654489,PRJNA248737,SAMN02801971
ERR1981376,Human,Homo sapiens; Human,2016,Europe,Ireland,ERR1981376,PRJNA488345,SAMN10076922
ERR2935427,Human,Homo sapiens; Urine(second portion),2014,Europe,Switzerland,ERR2935427,PRJNA357722,SAMN12438593
ERR2935619,Human,Homo sapiens; Urine(second portion),2014,Europe,Switzerland,ERR2935619,PRJNA284275,SAMN11322360
ERR3328492,Human,ND,2016,Africa,Kenya,ERR3328492,PRJNA248737,SAMN02802051
ERR3330570,Livestock,turkeys,2016,Africa,Kenya,ERR3330570,PRJNA516477,SAMN10821425
HOS23,Human,Urinary Tract Infection - Urosepsis,2006,Oceania,Australia,SRR11495794,PRJNA475142,SAMN09405750
HOS35,Human,Urinary Tract Infection - pyelonephritis,2006,Oceania,Australia,SRR11495782,PRJNA475142,SAMN09405749
MVC198,Companion Animal,Veterinary collection,2011,Oceania,Australia,SRR14629739,PRJNA324573,SAMN10416400
MVC285,Companion Animal,Veterinary collection,2012,Oceania,Australia,SRR14629722,PRJNA476666,SAMN09452994
MVC295,Companion Animal,Veterinary collection,2012,Oceania,Australia,SRR14629716,PRJNA357722,SAMN10485861
MVC306,Companion Animal,Veterinary collection,2012,Oceania,Australia,SRR14629901,PRJNA357722,SAMN10485875
MVC32,Companion Animal,Veterinary collection,2009,Oceania,Australia,SRR14629890,PRJNA293225,SAMN10506429
MVC330,Companion Animal,Veterinary collection,2013,Oceania,Australia,SRR14629881,PRJNA357722,SAMN10485856
MVC347,Companion Animal,Veterinary collection,2013,Oceania,Australia,SRR14629874,PRJNA357722,SAMN10485804
MVC35,Companion Animal,Veterinary collection,2009,Oceania,Australia,SRR14629715,PRJNA521038,SAMN10875353
MVC386,Companion Animal,Veterinary collection,2013,Oceania,Australia,SRR14629694,PRJNA521038,SAMN10875683
MVC424,Companion Animal,Veterinary collection,2014,Oceania,Australia,SRR14629858,PRJNA521038,SAMN10875654
MVC481,Companion Animal,Veterinary collection,2014,Oceania,Australia,SRR14629660,PRJNA521038,SAMN10875342
MVC486,Companion Animal,Veterinary collection,2014,Oceania,Australia,SRR14629656,PRJNA521038,SAMN10875458
MVC513,Companion Animal,Veterinary collection,2015,Oceania,Australia,SRR14629829,PRJNA521038,SAMN10875319
MVC523,Companion Animal,Veterinary collection,2015,Oceania,Australia,SRR14629823,PRJNA521038,SAMN10875473
MVC524,Companion Animal,Veterinary collection,2015,Oceania,Australia,SRR14629822,PRJNA521038,SAMN10875365
MVC556,Companion Animal,Veterinary collection,2015,Oceania,Australia,SRR14629640,PRJNA521038,SAMN10875669
MVC599,Companion Animal,Veterinary collection,2016,Oceania,Australia,SRR14629613,PRJNA521038,SAMN10875433
MVC623,Companion Animal,Veterinary collection,2016,Oceania,Australia,SRR14629791,PRJNA521038,SAMN10875505
MVC666,Companion Animal,Veterinary collection,2016,Oceania,Australia,SRR14629772,PRJNA521038,SAMN10875610
MVC715,Companion Animal,Veterinary collection,2017,Oceania,Australia,SRR14629602,PRJNA521038,SAMN10875611
MVC746,Companion Animal,Veterinary collection,2017,Oceania,Australia,SRR14629597,PRJNA521038,SAMN10875296
MVC9,Companion Animal,Veterinary collection,2008,Oceania,Australia,SRR14629755,PRJNA521038,SAMN10875431
SRR10085551,Companion Animal,Urine (Canis lupus familiaris),2019,North America,United States,SRR10085551,PRJNA315192,SAMN05171010
SRR10085762,Companion Animal,Urine (Canis lupus familiaris),2019,North America,United States,SRR10085762,PRJNA315192,SAMN05171779
SRR10094049,Companion Animal,Urine (Canis lupus familiaris),2019,North America,United States,SRR10094049,PRJNA315192,SAMN05170802
SRR10094634,Companion Animal,Urine (Canis lupus familiaris),2019,North America,United States,SRR10094634,PRJNA315192,SAMN05170862
SRR10098856,Human,stool; Homo sapiens,2018,Africa,Nigeria,SRR10098856,PRJNA488345,SAMN10076962
SRR10126775,Human,Homo sapiens,2017,Oceania,Australia,SRR10126775,PRJNA678027,SAMN16787686
SRR10126811,Human,Homo sapiens,2017,Oceania,Australia,SRR10126811,PRJNA678027,SAMN16787690
SRR10127045,Human,Homo sapiens,2017,Oceania,Australia,SRR10127045,PRJNA678027,SAMN16787762
SRR10198855,Human,Homo sapiens; human,2019,Europe,United Kingdom,SRR10198855,PRJNA481346,SAMN14544571
SRR10257842,Companion Animal,Canine Urine (Canis lupus familiaris),2019,North America,United States,SRR10257842,PRJNA230969,SAMN05468049
SRR10257910,Companion Animal,Canine Urine (Canis lupus familiaris),2019,North America,United States,SRR10257910,PRJNA335932,SAMN05567341
SRR10258168,Companion Animal,Canis lupus familiaris Urine,2019,North America,United States,SRR10258168,PRJNA230969,SAMN05591520
SRR10286270,Human,Homo sapiens,2016,Oceania,New Zealand,SRR10286270,PRJNA623470,SAMN14547737
SRR10380975,Food,Pork Chop,2019,North America,United States,SRR10380975,PRJNA623470,SAMN14547725
SRR10384915,Companion Animal,Urine(Canis lupus familiaris),2019,North America,United States,SRR10384915,PRJNA315192,SAMN05163718
SRR10385124,Companion Animal,Urine(Canis lupus familiaris),2019,North America,United States,SRR10385124,PRJNA218110,SAMN04885458
SRR10419814,Human,Homo sapiens; human,2019,Europe,United Kingdom,SRR10419814,PRJNA248792,SAMN09385705
SRR10502096,Companion Animal,Urine (Canis lupus familiaris),2019,North America,United States,SRR10502096,PRJNA230969,SAMN04992522
SRR10535869,Companion Animal,Urine (Canis lupus familiaris),2019,North America,United States,SRR10535869,PRJNA315192,SAMN06014981
SRR10810139,Companion Animal,Abscess (Canis lupus),2019,North America,United States,SRR10810139,PRJNA230969,SAMN05439467
SRR10810359,Companion Animal,Urine (Canis lupus),2019,North America,United States,SRR10810359,PRJNA230969,SAMN04992524
SRR10947498,Companion Animal,Urine (Canis lupus familiaris),2019,North America,United States,SRR10947498,PRJNA279612,SAMN03455931
SRR11014951,Wild Animal,Piliocolobus badius; stool,2016,Africa,Gambia,SRR11014951,PRJNA516477,SAMN10821660
SRR11014952,Wild Animal,Piliocolobus badius; stool,2016,Africa,Gambia,SRR11014952,PRJNA516477,SAMN10821653
SRR11014953,Wild Animal,Piliocolobus badius; stool,2016,Africa,Gambia,SRR11014953,PRJNA604701,SAMN13978682
SRR11014954,Wild Animal,Piliocolobus badius; stool,2016,Africa,Gambia,SRR11014954,PRJNA516477,SAMN10821305
SRR11014955,Wild Animal,Piliocolobus badius; stool,2016,Africa,Gambia,SRR11014955,PRJNA516477,SAMN10821416
SRR11029659,Companion Animal,Urine(Canis lupus familiaris),2019,North America,United States,SRR11029659,PRJNA230969,SAMN04279532
SRR11031167,Companion Animal,Urine(Canis lupus familiaris),2019,North America,United States,SRR11031167,PRJNA230969,SAMN05439404
SRR11080871,Companion Animal,Urine (Canis lupus familiaris),2019,North America,United States,SRR11080871,PRJNA316969,SAMN04622672
SRR11094157,Human,Homo sapiens; urine,2018,Oceania,Australia,SRR11094157,PRJNA516477,SAMN10821555
SRR11101180,Companion Animal,Urine (Canis lupus familiaris),2019,North America,United States,SRR11101180,PRJNA315192,SAMN05735438
SRR11281512,Human,Homo sapiens; clinical sample,2017,Europe,United Kingdom,SRR11281512,PRJNA186286,SAMN01885896
SRR11281536,Human,Homo sapiens; clinical sample,2017,Europe,United Kingdom,SRR11281536,PRJNA186265,SAMN01885875
SRR11319484,Companion Animal,Urine (Canis lupus familiaris),2019,North America,United States,SRR11319484,PRJNA230969,SAMN04902895
SRR11319493,Companion Animal,Skin (Canis lupus familiaris),2019,North America,United States,SRR11319493,PRJNA315192,SAMN05170789
SRR11341635,Wild Animal,Chroicocephalus novaehollandiae,2019,Oceania,Australia,SRR11341635,PRJNA516477,SAMN10821328
SRR11354616,Human,Homo sapiens; urine,2018,Asia,China,SRR11354616,PRJNA488345,SAMN10076828
SRR11410512,Wild Animal,Anseriformes; feces,2012,Europe,United Kingdom,SRR11410512,PRJNA678027,SAMN16787805
SRR11410516,Wild Animal,Anseriformes; feces,2012,Europe,United Kingdom,SRR11410516,PRJNA678027,SAMN16787810
SRR11410518,Wild Animal,Anseriformes; feces,2012,Europe,United Kingdom,SRR11410518,PRJNA248737,SAMN02802179
SRR11410526,Wild Animal,Anseriformes; feces,2012,Europe,United Kingdom,SRR11410526,PRJNA248737,SAMN02802175
SRR11410527,Wild Animal,Anseriformes; feces,2012,Europe,United Kingdom,SRR11410527,PRJNA248737,SAMN02802126
SRR11443130,Human,Human clinical; Homo sapiens,2014,North America,Canada,SRR11443130,PRJNA248792,SAMN09284665
SRR11484320,Companion Animal,Canis lupus familiaris,1985,North America,United States,SRR11484320,PRJNA318589,SAMN13703356
SRR11484321,Companion Animal,Canis lupus familiaris,1985,North America,United States,SRR11484321,PRJNA481346,SAMN13392106
SRR11484381,Wild Animal,Ailuropoda melanoleuca,1984,North America,United States,SRR11484381,PRJNA292663,SAMN13173361
SRR11484420,Wild Animal,Avian,2010,North America,United States,SRR11484420,PRJNA324573,SAMN12722910
SRR11484451,Wild Animal,Callithrix jacchus,2014,North America,United States,SRR11484451,PRJNA565795,SAMN12768658
SRR11484511,Companion Animal,Canis lupus familiaris,2013,North America,United States,SRR11484511,PRJNA565795,SAMN12768665
SRR11484521,Companion Animal,Canis lupus familiaris,2012,North America,United States,SRR11484521,PRJNA293225,SAMN12727836
SRR11484588,Companion Animal,Canis lupus familiaris,2005,North America,United States,SRR11484588,PRJEB32607,SAMEA5610783
SRR11484630,Wild Animal,Mephitis mephitis,2010,North America,United States,SRR11484630,PRJNA324573,SAMN12722894
SRR11484637,Companion Animal,Canis lupus familiaris,1985,North America,United States,SRR11484637,PRJNA324573,SAMN13178717
SRR11484664,Companion Animal,Felis catus,1986,North America,United States,SRR11484664,PRJNA324573,SAMN13898628
SRR11484667,Companion Animal,Felis catus,1985,North America,United States,SRR11484667,PRJNA318589,SAMN13703501
SRR11484688,Environment,water,1985,North America,United States,SRR11484688,PRJNA315192,SAMN13244725
SRR11484689,Companion Animal,Canis lupus familiaris,1985,North America,United States,SRR11484689,PRJNA324573,SAMN13178751
SRR11484738,Wild Animal,Primate,1992,North America,United States,SRR11484738,PRJNA604701,SAMN13978681
SRR11484745,Companion Animal,Canis lupus familiaris,1990,North America,United States,SRR11484745,PRJNA604701,SAMN13978683
SRR11484776,Wild Animal,Neovison vison,1988,North America,United States,SRR11484776,PRJNA604701,SAMN13978684
SRR11487790,Wild Animal,Ear Swab (Canis lupis),2019,North America,United States,SRR11487790,PRJNA318589,SAMN07410534
SRR11487860,Wild Animal,Urine (Canis lupis),2019,North America,United States,SRR11487860,PRJNA230969,SAMN06555278
SRR11594617,Human,Homo sapiens; urine,2019,North America,United States,SRR11594617,PRJNA248737,SAMN02801977
SRR1314338,Human,patient with urinary tract infection; Homo sapiens,2011,North America,United States,SRR1314338,PRJNA186323,SAMN01885933
SRR1314351,Human,patient with urinary tract infection; Homo sapiens,2011,North America,United States,SRR1314351,PRJNA186337,SAMN01885946
SRR1314354,Human,patient with urinary tract infection; Homo sapiens,2011,North America,United States,SRR1314354,PRJNA186358,SAMN01885967
SRR1314357,Human,patient with urinary tract infection; Homo sapiens,2011,North America,United States,SRR1314357,PRJNA551371,SAMN12145252
SRR1314374,Human,patient with urinary tract infection; Homo sapiens,2011,North America,United States,SRR1314374,PRJNA551371,SAMN12145260
SRR1314380,Human,patient with urinary tract infection; Homo sapiens,2011,North America,United States,SRR1314380,PRJNA324573,SAMN12261709
SRR1314392,Human,patient with urinary tract infection; Homo sapiens,2011,North America,United States,SRR1314392,PRJNA324573,SAMN12286924
SRR1314407,Human,patient with urinary tract infection; Homo sapiens,2011,North America,United States,SRR1314407,PRJNA529744,SAMN12342929
SRR1314451,Human,patient with urinary tract infection; Homo sapiens,2011,North America,United States,SRR1314451,PRJNA357722,SAMN12438306
SRR1314452,Human,patient with urinary tract infection; Homo sapiens,2011,North America,United States,SRR1314452,PRJNA357722,SAMN12438512
SRR1314454,Human,patient with urinary tract infection; Homo sapiens,2011,North America,United States,SRR1314454,PRJNA357722,SAMN12438617
SRR1314529,Human,patient with urinary tract infection; Homo sapiens,2011,North America,United States,SRR1314529,PRJNA357722,SAMN12438249
SRR1314578,Human,patient with urinary tract infection; Homo sapiens,2011,North America,United States,SRR1314578,PRJNA357722,SAMN12438568
SRR1314582,Human,patient with urinary tract infection; Homo sapiens,2011,North America,United States,SRR1314582,PRJNA357722,SAMN12438567
SRR1610067,Human,de-identified patient sample,2010,North America,United States,SRR1610067,PRJNA357722,SAMN12438355
SRR3050953,Human,Homo sapiens; Blood,2010,Europe,United Kingdom,SRR3050953,PRJNA475142,SAMN09405748
SRR3051010,Human,Homo sapiens; Blood,2011,Europe,United Kingdom,SRR3051010,PRJNA475142,SAMN09405747
SRR3098794,Human,Homo sapiens; Bodily fluid,2003,North America,United States,SRR3098794,PRJNA475142,SAMN09405751
SRR3136824,Environment,Reclaimed Distribution System,2015,North America,United States,SRR3136824,PRJNA678027,SAMN16787623
SRR3178418,Environment,Untreated wastewater,2015,North America,United States,SRR3178418,PRJNA678027,SAMN16787604
SRR3221963,Human,human-associated habitat,2014,North America,United States,SRR3221963,PRJNA248792,SAMN09266949
SRR3345807,Human,Homo sapiens; Urine,2014,North America,United States,SRR3345807,PRJNA678027,SAMN16787567
SRR3465509,Human,feces,1999,North America,Singapore,SRR3465509,PRJNA357722,SAMN10133442
SRR3545384,Human,Homo sapiens,2015,North America,United States,SRR3545384,PRJNA516477,SAMN10821630
SRR3574241,Human,Human; Homo sapiens,2016,Europe,United Kingdom,SRR3574241,PRJNA357722,SAMN14503366
SRR3578629,Human,Human; Homo sapiens,2015,Europe,United Kingdom,SRR3578629,PRJNA357722,SAMN14503281
SRR3578642,Human,Human; Homo sapiens,2016,Europe,United Kingdom,SRR3578642,PRJNA357722,SAMN14503563
SRR3578806,Human,Human; Homo sapiens,2015,Europe,United Kingdom,SRR3578806,PRJNA357722,SAMN14503257
SRR3578974,Human,Human; Homo sapiens,2015,Europe,United Kingdom,SRR3578974,PRJNA357722,SAMN14503520
SRR3581327,Human,Human; Homo sapiens,2015,Europe,United Kingdom,SRR3581327,PRJNA357722,SAMN14503248
SRR3987643,Human,Homo sapiens; homo sapiens-Blood,1992,North America,United States,SRR3987643,PRJNA480723,SAMN10180223
SRR3987645,Human,Homo sapiens; homo sapiens-Blood,1992,North America,United States,SRR3987645,PRJNA480723,SAMN10180258
SRR3987715,Companion Animal,lung,2008,North America,United States,SRR3987715,PRJNA357722,SAMN10102675
SRR3988040,Wild Animal,feces,2010,North America,United States,SRR3988040,PRJNA357722,SAMN10132570
SRR3993809,Companion Animal,"Canis lupus; canine, dog_Urine",1985,North America,United States,SRR3993809,PRJNA186348,SAMN01885957
SRR3993865,Wild Animal,Abcess,1984,North America,United States,SRR3993865,PRJNA186355,SAMN01885964
SRR4067488,Human,Homo sapiens; human faeces,2008,Oceania,Australia,SRR4067488,PRJNA288601,SAMN14669196
SRR4184853,Human,Human; Homo sapiens,2015,Europe,United Kingdom,SRR4184853,PRJNA357722,SAMN14503229
SRR4263053,Human,Homo sapiens; blood,1985,North America,United States,SRR4263053,PRJNA480723,SAMN10180235
SRR5017485,Human,Human; Homo sapiens,2015,Europe,United Kingdom,SRR5017485,PRJNA357722,SAMN14503232
SRR5336297,Wild Animal,"Nanger dama; Intestine-Gazelle, Addra",2001,North America,United States,SRR5336297,PRJNA186352,SAMN01885961
SRR5928752,Companion Animal,Canis lupus- Ear,2017,North America,United States,SRR5928752,PRJNA678027,SAMN16787714
SRR6161046,Companion Animal,Canis lupus familiaris - urine,2017,North America,Canada,SRR6161046,PRJNA678027,SAMN16787649
SRR6463486,Human,Homo sapiens,1993,North America,United States,SRR6463486,PRJNA357722,SAMN14503408
SRR6701896,Human,Homo sapiens,2015,North America,United States,SRR6701896,PRJNA516477,SAMN10821389
SRR6742588,Companion Animal,Canis lupus familiaris intestine,2017,North America,United States,SRR6742588,PRJNA678027,SAMN16787715
SRR6761140,Companion Animal,Urine (Canis lupus),2017,North America,United States,SRR6761140,PRJNA678027,SAMN16787709
SRR6902707,Companion Animal,Dog (Canine),2000,North America,United States,SRR6902707,PRJNA516477,SAMN10821478
SRR6930493,Companion Animal,Dog (Canine),2000,North America,United States,SRR6930493,PRJNA516477,SAMN10821462
SRR6930872,Companion Animal,Dog (Canine),2000,North America,United States,SRR6930872,PRJNA516477,SAMN10821480
SRR6978939,Companion Animal,Feline Urine (Felis catus),2017,North America,United States,SRR6978939,PRJNA678027,SAMN16787602
SRR7064469,Environment,ND,2000,North America,United States,SRR7064469,PRJNA516477,SAMN10821354
SRR7064605,Companion Animal,Canis lupus familiaris Lung,2017,North America,United States,SRR7064605,PRJNA678027,SAMN16787775
SRR7209046,Human,human; Homo sapiens,2017,Europe,United Kingdom,SRR7209046,PRJNA357722,SAMN14503414
SRR7211957,Human,Homo sapiens; fecal swab,2015,Europe,United Kingdom,SRR7211957,PRJNA324573,SAMN10396955
SRR7211963,Human,Homo sapiens; fecal swab,2015,Europe,United Kingdom,SRR7211963,PRJNA186061,SAMN01885691
SRR7211968,Human,Homo sapiens; fecal swab,2015,Europe,United Kingdom,SRR7211968,PRJNA186088,SAMN01885715
SRR7221255,Human,human; Homo sapiens,2017,Europe,United Kingdom,SRR7221255,PRJNA357722,SAMN14503363
SRR7236573,Human,human; Homo sapiens,2017,Europe,United Kingdom,SRR7236573,PRJNA357722,SAMN14503344
SRR7283674,Human,human; Homo sapiens,2017,Europe,United Kingdom,SRR7283674,PRJNA357722,SAMN14503343
SRR7304275,Human,Homo sapiens; blood,1997,North America,United States,SRR7304275,PRJNA357722,SAMN14503632
SRR7304278,Human,Homo sapiens; feces,2000,North America,United States,SRR7304278,PRJNA592536,SAMN14444177
SRR7304279,Human,Homo sapiens; urine,1999,North America,United States,SRR7304279,PRJNA604975,SAMN14345036
SRR7304280,Human,Homo sapiens; feces,2000,North America,United States,SRR7304280,PRJNA592536,SAMN14444171
SRR7304281,Human,Homo sapiens; feces,2000,North America,United States,SRR7304281,PRJNA592536,SAMN14444173
SRR7304452,Human,Homo sapiens; feces,1998,North America,United States,SRR7304452,PRJNA556083,SAMN14465425
SRR7304453,Human,Homo sapiens; urine,1999,North America,United States,SRR7304453,PRJNA318591,SAMN14125543
SRR7304454,Human,Homo sapiens; feces,1999,North America,United States,SRR7304454,PRJNA357722,SAMN14503631
SRR7304455,Human,Homo sapiens; feces,2002,North America,United States,SRR7304455,PRJNA357722,SAMN14503318
SRR7304456,Human,Homo sapiens; feces,1998,North America,United States,SRR7304456,PRJNA592536,SAMN14444170
SRR7304457,Human,Homo sapiens; feces,1998,North America,United States,SRR7304457,PRJNA592536,SAMN14444169
SRR7304461,Human,Homo sapiens; blood,1985,North America,United States,SRR7304461,PRJNA516477,SAMN10821454
SRR7427138,Food,"Food, Celery",2002,North America,United States,SRR7427138,PRJNA516477,SAMN10821404
SRR7427254,Food,"Food, Celery",2002,North America,United States,SRR7427254,PRJNA516477,SAMN10821460
SRR7659811,Companion Animal,Canine Uterus (Canis lupis),2017,North America,United States,SRR7659811,PRJNA248737,SAMN02802004
SRR7660780,Companion Animal,Canine Uterus (Canis lupis),2017,North America,United States,SRR7660780,PRJNA248737,SAMN02802048
SRR7660795,Companion Animal,Canine Uterus (Canis lupis),2017,North America,United States,SRR7660795,PRJNA248737,SAMN02802049
SRR7690509,Livestock,"Cow, (Bovine)",1982,North America,United States,SRR7690509,PRJNA516477,SAMN10821550
SRR770080,Human,Homo sapiens; Blood,2003,Europe,Denmark,SRR770080,PRJNA475142,SAMN09405745
SRR7786654,Companion Animal,"Dog, (Canine)",2016,North America,United States,SRR7786654,PRJNA516477,SAMN10821356
SRR7788262,Aquatic,Oyster,2016,North America,United States,SRR7788262,PRJNA516477,SAMN10821544
SRR7828688,Human,Homo sapiens; blood; Age: 77; male; Blood,2017,Oceania,Australia,SRR7828688,PRJNA315192,SAMN12584926
SRR784018,Human,Homo sapiens; Blood,2004,Europe,Denmark,SRR784018,PRJNA475142,SAMN09405746
SRR784477,Human,Homo sapiens; Blood,2003,Europe,Denmark,SRR784477,PRJNA475142,SAMN09405741
SRR7850962,Human,Homo sapiens; blood,2015,Asia,Malaysia,SRR7850962,PRJNA516477,SAMN10821431
SRR7851004,Human,Homo sapiens; blood,2015,Asia,Malaysia,SRR7851004,PRJNA516477,SAMN10821429
SRR7851038,Human,Homo sapiens; blood,2015,Asia,Singapore,SRR7851038,PRJNA516477,SAMN10821332
SRR7851039,Human,Homo sapiens; blood,2015,Asia,Singapore,SRR7851039,PRJNA488345,SAMN10076907
SRR7851064,Human,Homo sapiens; blood,2015,Asia,Singapore,SRR7851064,PRJNA516477,SAMN10821406
SRR7851123,Human,Homo sapiens; blood,2015,Asia,Singapore,SRR7851123,PRJNA516477,SAMN10821342
SRR785731,Human,Homo sapiens; Urine,2006,Europe,Denmark,SRR785731,PRJNA475142,SAMN09405740
SRR785941,Human,Homo sapiens; Urine,1996,Europe,Sweden,SRR785941,PRJNA357722,SAMN11050147
SRR786325,Human,Homo sapiens; Urine,1996,Europe,Sweden,SRR786325,PRJNA324573,SAMN11102864
SRR786332,Human,Homo sapiens; Urine,1997,Europe,Sweden,SRR786332,PRJNA324570,SAMN11249685
SRR786338,Human,Homo sapiens; Urine,1996,Europe,Sweden,SRR786338,PRJNA318589,SAMN11371671
SRR7889310,Environment,Waste Water,2003,North America,United States,SRR7889310,PRJNA516477,SAMN10821508
SRR7904913,Environment,Waste Water,2004,North America,United States,SRR7904913,PRJNA516477,SAMN10821507
SRR7905454,Environment,Waste Water,2004,North America,United States,SRR7905454,PRJNA516477,SAMN10821434
SRR7967849,Human,Homo sapiens; blood culture,2014,Oceania,Australia,SRR7967849,PRJNA678027,SAMN16787562
SRR7967901,Human,Homo sapiens; blood culture,2013,Oceania,Australia,SRR7967901,PRJNA678027,SAMN16787793
SRR7967904,Human,Homo sapiens; blood culture,2015,Oceania,Australia,SRR7967904,PRJNA678027,SAMN16787843
SRR7967918,Human,Homo sapiens; blood culture,2014,Oceania,Australia,SRR7967918,PRJNA678027,SAMN16787513
SRR800414,Human,Homo sapiens; Blood,2003,Europe,Denmark,SRR800414,PRJNA475142,SAMN09405743
SRR800530,Human,Homo sapiens; Blood,2003,Europe,Denmark,SRR800530,PRJNA475142,SAMN09405742
SRR8176790,Companion Animal,Canine urine (Canis lupus familiaris),2018,North America,United States,SRR8176790,PRJNA732725,SAMN19340332
SRR8206953,Companion Animal,Urine (Canis lupus familiaris),2018,North America,United States,SRR8206953,PRJNA732725,SAMN19340334
SRR8284571,Livestock,cow,2017,Asia,Malaysia,SRR8284571,PRJNA481346,SAMN14544542
SRR8297621,Wild Animal,Hedgehog,2018,North America,United States,SRR8297621,PRJNA516477,SAMN10821673
SRR8297630,Wild Animal,Hedgehog,2018,North America,United States,SRR8297630,PRJNA516477,SAMN10821604
SRR8360112,Human,Homo sapiens; stool,2017,Asia,Sri Lanka,SRR8360112,PRJNA488345,SAMN10076842
SRR8397521,Wild Animal,Marmoset,2018,North America,United States,SRR8397521,PRJNA516477,SAMN10821504
SRR8397612,Wild Animal,Primate,2018,North America,United States,SRR8397612,PRJNA516477,SAMN10821370
SRR8533515,Human,Homo sapiens; bloodstream isolates,2011,North America,Canada,SRR8533515,PRJNA318591,SAMN13012234
SRR8533526,Human,Homo sapiens; bloodstream isolates,2015,North America,Canada,SRR8533526,PRJNA613174,SAMN14395487
SRR8533538,Human,Homo sapiens; bloodstream isolates,2014,North America,Canada,SRR8533538,PRJNA324573,SAMN14384391
SRR8533623,Human,Homo sapiens; bloodstream isolates,2010,North America,Canada,SRR8533623,PRJNA315192,SAMN12868762
SRR8533717,Human,Homo sapiens; bloodstream isolates,2012,North America,Canada,SRR8533717,PRJNA318589,SAMN14009873
SRR8533741,Human,Homo sapiens; bloodstream isolates,2010,North America,Canada,SRR8533741,PRJNA565795,SAMN12768687
SRR8533760,Human,Homo sapiens; bloodstream isolates,2013,North America,Canada,SRR8533760,PRJNA324573,SAMN13981362
SRR8533796,Human,Homo sapiens; bloodstream isolates,2012,North America,Canada,SRR8533796,PRJNA318591,SAMN13012322
SRR8533810,Human,Homo sapiens; bloodstream isolates,2014,North America,Canada,SRR8533810,PRJNA613145,SAMN14395298
SRR8533842,Human,Homo sapiens; bloodstream isolates,2012,North America,Canada,SRR8533842,PRJNA318589,SAMN14008732
SRR8533893,Human,Homo sapiens; bloodstream isolates,2013,North America,Canada,SRR8533893,PRJNA606985,SAMN14118535
SRR8533910,Human,Homo sapiens; bloodstream isolates,2014,North America,Canada,SRR8533910,PRJNA604975,SAMN14345059
SRR8533911,Human,Homo sapiens; bloodstream isolates,2014,North America,Canada,SRR8533911,PRJNA324573,SAMN14384400
SRR8533913,Human,Homo sapiens; bloodstream isolates,2010,North America,Canada,SRR8533913,PRJNA324565,SAMN12716009
SRR8533920,Human,Homo sapiens; bloodstream isolates,2012,North America,Canada,SRR8533920,PRJNA604701,SAMN13978680
SRR8541316,Human,Homo_sapiens; female; urine,2014,North America,Canada,SRR8541316,PRJNA357722,SAMN09060941
SRR8541325,Human,Homo_sapiens; female; urine,2013,North America,Canada,SRR8541325,PRJNA324565,SAMN08963939
SRR8541333,Human,Homo_sapiens; female; urine,2012,North America,Canada,SRR8541333,PRJNA357722,SAMN08367979
SRR8541340,Human,Homo_sapiens; female; urine,2015,North America,Canada,SRR8541340,PRJNA357722,SAMN08368016
SRR8541341,Human,Homo_sapiens; female; urine,2015,North America,Canada,SRR8541341,PRJNA357722,SAMN08368029
SRR8541352,Human,Homo_sapiens; female; urine,2013,North America,Canada,SRR8541352,PRJNA357722,SAMN09954411
SRR8541369,Human,Homo_sapiens; female; urine,2013,North America,Canada,SRR8541369,PRJNA398288,SAMN10058893
SRR8541371,Human,Homo_sapiens; female; urine,2013,North America,Canada,SRR8541371,PRJNA357722,SAMN08367978
SRR8541387,Human,Homo_sapiens; female; urine,2013,North America,Canada,SRR8541387,PRJNA293225,SAMN11637036
SRR8541389,Human,Homo_sapiens; female; urine,2013,North America,Canada,SRR8541389,PRJNA248792,SAMN09244182
SRR8541403,Human,Homo_sapiens; female; urine,2012,North America,Canada,SRR8541403,PRJNA271899,SAMN04521871
SRR8541405,Human,Homo_sapiens; female; urine,2013,North America,Canada,SRR8541405,PRJNA429583,SAMN08354318
SRR8541409,Human,Homo_sapiens; female; urine,2014,North America,Canada,SRR8541409,PRJNA544438,SAMN11840222
SRR8541411,Human,Homo_sapiens; female; urine,2014,North America,Canada,SRR8541411,PRJNA318591,SAMN08616279
SRR8541429,Human,Homo_sapiens; female; urine,2013,North America,Canada,SRR8541429,PRJNA480723,SAMN10180225
SRR8541445,Human,Homo_sapiens; female; urine,2012,North America,Canada,SRR8541445,PRJNA338676,SAMN09784503
SRR8541470,Human,Homo_sapiens; female; urine,2014,North America,Canada,SRR8541470,PRJNA357722,SAMN09060943
SRR8541471,Human,Homo_sapiens; female; urine,2014,North America,Canada,SRR8541471,PRJNA338676,SAMN09784512
SRR8541484,Human,Homo_sapiens; female; urine,2013,North America,Canada,SRR8541484,PRJNA186133,SAMN01885760
SRR8541494,Human,Homo_sapiens; female; urine,2013,North America,Canada,SRR8541494,PRJNA324565,SAMN08518916
SRR8541501,Human,Homo_sapiens; female; urine,2013,North America,Canada,SRR8541501,PRJNA324565,SAMN11954908
SRR8541508,Human,Homo_sapiens; female; urine,2014,North America,Canada,SRR8541508,PRJNA186258,SAMN01885868
SRR8541509,Human,Homo_sapiens; female; urine,2015,North America,Canada,SRR8541509,PRJNA186211,SAMN01885824
SRR8541517,Human,Homo_sapiens; female; urine,2014,North America,Canada,SRR8541517,PRJNA186269,SAMN01885879
SRR8541538,Human,Homo_sapiens; female; urine,2014,North America,Canada,SRR8541538,PRJNA357722,SAMN08978075
SRR8541549,Human,Homo_sapiens; female; urine,2012,North America,Canada,SRR8541549,PRJNA318589,SAMN07747821
SRR8541551,Human,Homo_sapiens; female; urine,2012,North America,Canada,SRR8541551,PRJNA186121,SAMN01885748
SRR8541560,Human,Homo_sapiens; female; urine,2012,North America,Canada,SRR8541560,PRJNA186276,SAMN01885886
SRR8541563,Human,Homo_sapiens; female; urine,2013,North America,Canada,SRR8541563,PRJNA357722,SAMN09954433
SRR8541582,Human,Homo_sapiens; female; urine,2013,North America,Canada,SRR8541582,PRJNA318589,SAMN08397428
SRR8541584,Human,Homo_sapiens; female; urine,2013,North America,Canada,SRR8541584,PRJNA454281,SAMN09244798
SRR8541588,Human,Homo_sapiens; female; urine,2013,North America,Canada,SRR8541588,PRJNA338676,SAMN09784511
SRR8541603,Human,Homo_sapiens; female; urine,2013,North America,Canada,SRR8541603,PRJNA357722,SAMN09060955
SRR8541615,Human,Homo_sapiens; female; urine,2013,North America,Canada,SRR8541615,PRJNA186284,SAMN01885894
SRR8541645,Human,Homo_sapiens; female; urine,2014,North America,Canada,SRR8541645,PRJNA248737,SAMN02801989
SRR8602013,Wild Animal,seal aquarium,2018,North America,United States,SRR8602013,PRJNA284275,SAMN10983585
SRR8602131,Wild Animal,seal aquarium,2018,North America,United States,SRR8602131,PRJNA284275,SAMN10983710
SRR8632516,Companion Animal,Canis lupus familiaris Urine,2018,North America,United States,SRR8632516,PRJNA678027,SAMN16787588
SRR8632534,Companion Animal,Canis lupus familiaris Urine,2018,North America,United States,SRR8632534,PRJNA678027,SAMN16787596
SRR8663236,Aquatic,Oyster,2016,North America,United States,SRR8663236,PRJNA516477,SAMN10821378
SRR8728087,Companion Animal,Canine Urine (Canis lupus familiaris),2018,North America,United States,SRR8728087,PRJNA230968,SAMN04448131
SRR8728090,Companion Animal,Canine Testicle Swab (Canis lupis familiaris),2018,North America,United States,SRR8728090,PRJNA290784,SAMN03922925
SRR8767387,Companion Animal,Canis lupus familiaris Urine,2018,North America,United States,SRR8767387,PRJNA732725,SAMN19340333
SRR8781984,Companion Animal,Lung (Canis lupus familiaris),2018,North America,United States,SRR8781984,PRJNA732725,SAMN19340331
SRR8868851,Companion Animal,Other - List in comments (Canis lupus),2018,North America,United States,SRR8868851,PRJNA306133,SAMN04357661
SRR9028903,Companion Animal,Canine Thoracic Fluid (Canis lupus familiaris),2018,North America,United States,SRR9028903,PRJNA230968,SAMN04497707
SRR9050387,Human,Homo sapiens; stool,2017,Asia,Sri Lanka,SRR9050387,PRJNA488345,SAMN10076906
SRR9113465,Human,Homo sapiens,2015,Asia,Oman,SRR9113465,PRJNA318589,SAMN12601692
SRR9160170,Companion Animal,"Dog, (Canine)",1982,North America,United States,SRR9160170,PRJNA516477,SAMN10821443
SRR9160197,Companion Animal,"Dog, (Canine)",1982,North America,United States,SRR9160197,PRJNA516477,SAMN10821319
SRR9200321,Companion Animal,Urine (Canis lupus familiaris),2018,North America,United States,SRR9200321,PRJNA261540,SAMN03074789
SRR958491,Human,Homo sapiens; Urine,2006,Europe,Denmark,SRR958491,PRJNA475142,SAMN09405744
SRR958524,Human,Homo sapiens; Urine,2006,Europe,Denmark,SRR958524,PRJNA357722,SAMN08367965
SRR958547,Human,Homo sapiens; Urine,1995,Europe,Sweden,SRR958547,PRJNA324573,SAMN11022092
SRR958560,Human,Homo sapiens; Urine,1995,Europe,Sweden,SRR958560,PRJNA324573,SAMN11022122
SRR958655,Human,Homo sapiens; Urine,1995,Europe,Sweden,SRR958655,PRJNA318591,SAMN11127467
SRR958728,Human,Homo sapiens; Urine,1995,Europe,Sweden,SRR958728,PRJNA318591,SAMN11127469
SRR958788,Human,Homo sapiens; Urine,1996,Europe,Sweden,SRR958788,PRJNA318591,SAMN11604263
SRR9615884,Human,Homo sapiens; urine,2016,Europe,France,SRR9615884,PRJNA454281,SAMN09244790
SRR9615920,Human,Homo sapiens; urine,2015,Europe,France,SRR9615920,PRJNA454281,SAMN09244779
SRR9674864,Companion Animal,Urine (Canis lupus familiaris),2018,North America,United States,SRR9674864,PRJNA678027,SAMN16787578
SRR9694238,Companion Animal,Urine(Canis lupus familiaris),2018,North America,United States,SRR9694238,PRJNA732725,SAMN19340335
SRR9734865,Human,Homo sapiens,2015,Oceania,Australia,SRR9734865,PRJNA678027,SAMN16787738
SRR9913760,Livestock,Bos taurus,1981,North America,United States,SRR9913760,PRJNA531554,SAMN11381813
SRR9913831,Wild Animal,Nanger dama,2001,North America,United States,SRR9913831,PRJEB19435,SAMEA104077107
SRR9913870,Wild Animal,Mink,2007,North America,United States,SRR9913870,PRJNA324565,SAMN12715615
SRR9913887,Wild Animal,Meleagris gallopavo,1977,North America,United States,SRR9913887,PRJNA481346,SAMN13012529
SRR9913992,Companion Animal,Canis lupus familiaris,2004,North America,United States,SRR9913992,PRJEB29576,SAMEA5075892
SRR9913993,Companion Animal,Canis lupus familiaris,2004,North America,United States,SRR9913993,PRJEB29576,SAMEA5075700
SRR9914184,Environment,ND,1985,North America,United States,SRR9914184,PRJNA324565,SAMN13340450
SRR9914202,Wild Animal,Marmoset,2005,North America,United States,SRR9914202,PRJEB32607,SAMEA5612075
SRR9943565,Wild Animal,seal aquarium,2018,North America,United States,SRR9943565,PRJNA516477,SAMN10821563
SRR9973679,Human,Homo sapiens; human,2019,Europe,United Kingdom,SRR9973679,PRJNA357722,SAMN14503380
SRR9998291,Companion Animal,Urine (Canis lupus familiaris),2018,North America,Canada,SRR9998291,PRJNA306133,SAMN04357604